policy,seed,arrival_rate,dispatch_jitter,total_blocks,gate_threshold,engine_steps,allocator_hit_rate,evictions,order_tau,order_tau_ci_lo,order_tau_ci_hi,inversion_rate,inversion_ci_lo,inversion_ci_hi,displacement_rate,displacement_ci_lo,displacement_ci_hi,gate_gap_s,simultaneity_rate,throughput_tok_s,preemptions_per_turn,cache_hit_rate,n_turns,ttft_mean,ttft_sd,ttft_cv,ttft_p50,ttft_p95,ttft_iqr,config
fcfs,0,0.05,0.005,4096,1.2,5699,0.6258,0,0.036458333333333336,-0.040151515151515146,0.09976190476190477,1.0,1.0,1.0,1.0,1.0,1.0,0.005521249999999034,1.0,46.52853965688856,0.0,0.6209129168015539,128.0,0.3411996522905875,0.18481884200193424,0.5416735942172961,0.2715999999999781,0.6706141701081094,0.25812111077590316,kv_large
fcfs,1,0.05,0.005,4096,1.2,5379,0.6183,0,0.015624999999999997,-0.050865800865800864,0.07349468713105076,1.0,1.0,1.0,1.0,1.0,1.0,0.006683125000001053,1.0,58.096938816881796,0.0,0.6137048655963585,128.0,0.4214126370685638,0.23027219551471065,0.5464292602057051,0.41433441928657544,0.8183454625943454,0.3439908273756629,kv_large
fcfs,2,0.05,0.005,4096,1.2,5661,0.6187,0,0.06250000000000001,-0.01071428571428571,0.12359098228663444,1.0,1.0,1.0,1.0,1.0,1.0,0.014230625000000163,1.0,88.23609416336284,0.0,0.6141766494941344,128.0,0.3652857595300914,0.1895582556418471,0.5189314138215995,0.2877852303145687,0.7612320644059309,0.26757005492612507,kv_large
fcfs,3,0.05,0.005,4096,1.2,5629,0.6259,0,-0.05208333333333334,-0.14273689273689275,0.04757094757094759,1.0,1.0,1.0,1.0,1.0,1.0,-0.005903124999999704,1.0,85.58729767363305,0.0,0.6210588158495985,128.0,0.3719571000214794,0.18825905834900752,0.5061311058133751,0.31887999999997874,0.6750929223335902,0.2988966038120111,kv_large
fcfs,4,0.05,0.005,4096,1.2,5582,0.6084,0,-0.031249999999999997,-0.1093073593073593,0.05984848484848485,1.0,1.0,1.0,1.0,1.0,1.0,-0.0011975000000008923,1.0,81.01058026633103,0.0,0.6041752184366387,128.0,0.40389708609958536,0.19304531591781185,0.4779566938252542,0.31884413898274033,0.6785440979995911,0.3033436901615971,kv_large
fcfs,5,0.05,0.005,4096,1.2,5903,0.616,0,0.036458333333333336,-0.05070346320346321,0.11507936507936506,1.0,1.0,1.0,1.0,1.0,1.0,0.015247500000000358,1.0,69.86131954364097,0.0,0.611605808880655,128.0,0.3955928532633674,0.19692342924781522,0.49779319222613133,0.35525000158537523,0.7021144048399393,0.31962071765162037,kv_large
fcfs,6,0.05,0.005,4096,1.2,5453,0.6176,0,0.10416666666666666,1.1102230246251566e-17,0.1919191919191919,1.0,1.0,1.0,1.0,1.0,1.0,0.02051624999999857,1.0,73.41006030678878,0.0,0.6130916536191738,128.0,0.40458737743041295,0.22656389694184328,0.559987556657798,0.32607421796362246,0.7805600000000048,0.33807192586834844,kv_large
fcfs,7,0.05,0.005,4096,1.2,5499,0.6218,0,0.13541666666666666,0.029437229437229446,0.21530286755850664,1.0,1.0,1.0,1.0,1.0,1.0,0.00558000000000064,1.0,72.55667827413073,0.0,0.6169783991435229,128.0,0.3752378116739563,0.2053571573616728,0.5472720258269371,0.30889206437177563,0.8206585873056582,0.2735719041153999,kv_large
fcfs,8,0.05,0.005,4096,1.2,5700,0.6196,0,-0.03645833333333333,-0.12849271940181028,0.05784030784030785,1.0,1.0,1.0,1.0,1.0,1.0,-0.0007306250000001235,1.0,64.41465862858888,0.0,0.6151713088489031,128.0,0.3693966440538236,0.2064046168271001,0.5587614834882624,0.30016000000000176,0.7698460837806351,0.29215475130470736,kv_large
fcfs,9,0.05,0.005,4096,1.2,5905,0.6206,0,0.031249999999999997,-0.06890331890331891,0.13323713323713327,1.0,1.0,1.0,1.0,1.0,1.0,0.008206874999998948,1.0,63.022568659937825,0.0,0.6159702765257644,128.0,0.3999234496301704,0.21844243158195484,0.5462106105154866,0.3166330112661129,0.7447634690140532,0.32210055023031714,kv_large
fcfs,10,0.05,0.005,4096,1.2,5409,0.6209,0,0.06249999999999999,-0.029220779220779227,0.13614718614718613,1.0,1.0,1.0,1.0,1.0,1.0,-0.0023581249999999887,1.0,64.01831518685775,0.0,0.6163452027695351,128.0,0.36632574338563706,0.18790801124271544,0.5129533335714865,0.299919999999986,0.7332058639367922,0.2951935210713508,kv_large
fcfs,11,0.05,0.005,4096,1.2,5318,0.6261,0,0.052083333333333336,-0.06252705627705628,0.15476190476190477,1.0,1.0,1.0,1.0,1.0,1.0,0.006493124999999933,1.0,63.84085591421372,0.0,0.6213654005217281,128.0,0.37464870840492026,0.2019077759800442,0.5389255893598925,0.3547651355306414,0.7273476311283247,0.30229882120607954,kv_large
fcfs,0,0.05,0.0,4096,1.2,5679,0.6258,0,-0.010416666666666664,-0.06926406926406926,0.041666666666666664,1.0,1.0,1.0,1.0,1.0,1.0,-0.00015687500000027832,1.0,46.529563196976945,0.0,0.6209129168015539,128.0,0.36117852248072635,0.16952890347707825,0.46937703358627825,0.2905600000000277,0.6633600000000115,0.25767999999999347,kv_large
fcfs,1,0.05,0.0,4096,1.2,5359,0.6183,0,0.03645833333333332,-0.0303030303030303,0.08619047619047619,1.0,1.0,1.0,1.0,1.0,1.0,0.00258062500000001,1.0,58.09847416611991,0.0,0.6137048655963585,128.0,0.44105278995323705,0.21234458372960927,0.48144936063577165,0.47211999999998966,0.8321599999999996,0.3543075884369422,kv_large
fcfs,2,0.05,0.0,4096,1.2,5642,0.6187,0,0.005208333333333336,-0.059523809523809534,0.06565656565656565,1.0,1.0,1.0,1.0,1.0,1.0,-0.001051249999999726,1.0,88.23951067027532,0.0,0.6141766494941344,128.0,0.3827877131646338,0.1730823733232787,0.45216282385959816,0.3320799999999906,0.7112399999999965,0.2627200000000016,kv_large
fcfs,3,0.05,0.0,4096,1.2,5607,0.6259,0,3.469446951953614e-18,-0.08214285714285714,0.07804232804232804,1.0,1.0,1.0,1.0,1.0,1.0,-0.003241874999999922,1.0,85.59065237658453,0.0,0.6210588158495985,128.0,0.3892993328839471,0.173716136733634,0.4462276763916779,0.36351999999999407,0.6882261322819261,0.2938000000000045,kv_large
fcfs,4,0.05,0.0,4096,1.2,5563,0.6084,0,0.04166666666666666,-0.022727272727272728,0.1002164502164502,1.0,1.0,1.0,1.0,1.0,1.0,-0.00037499999999993094,1.0,81.01318260395902,0.0,0.6041752184366387,128.0,0.41811746847913234,0.1818070264184999,0.4348228431589044,0.38667999999999836,0.6741600000000005,0.32283999999999224,kv_large
fcfs,5,0.05,0.0,4096,1.2,5884,0.616,0,-0.036458333333333336,-0.08915343915343915,0.016233766233766236,1.0,1.0,1.0,1.0,1.0,1.0,-0.0003012499999997531,1.0,69.86338259950725,0.0,0.611605808880655,128.0,0.4076931126615877,0.18587608912164735,0.4559215825554964,0.4176103842348198,0.683400000000006,0.3312400000000082,kv_large
fcfs,6,0.05,0.0,4096,1.2,5438,0.6176,0,-0.010416666666666661,-0.0709366391184573,0.044949494949494954,1.0,1.0,1.0,1.0,1.0,1.0,0.0028493749999985996,1.0,73.40960392383815,0.0,0.6130916536191738,128.0,0.41841434701941393,0.20736824362796077,0.495605002804407,0.3395150613118503,0.7267200000000038,0.3512800000000027,kv_large
fcfs,7,0.05,0.0,4096,1.2,5480,0.6218,0,0.031249999999999993,-0.05000000000000001,0.10389610389610388,1.0,1.0,1.0,1.0,1.0,1.0,-0.004118750000000004,1.0,72.55879100360976,0.0,0.6169783991435229,128.0,0.3877877942688178,0.18820660168447073,0.4853340008788526,0.32247999999998456,0.7259999999999991,0.2764000000000042,kv_large
fcfs,8,0.05,0.0,4096,1.2,5681,0.6196,0,0.010416666666666668,-0.04401154401154401,0.06290979975190503,1.0,1.0,1.0,1.0,1.0,1.0,-0.0008949999999997849,1.0,64.41481565927668,0.0,0.6151713088489031,128.0,0.38838181642040503,0.19464463407532187,0.5011682469310773,0.30535202228901426,0.7483200000000068,0.2791599999999903,kv_large
fcfs,9,0.05,0.0,4096,1.2,5881,0.6206,0,0.036458333333333336,-0.009848484848484848,0.07077922077922078,1.0,1.0,1.0,1.0,1.0,1.0,-0.0010143750000005114,1.0,63.02399176182813,0.0,0.6159702765257644,128.0,0.41591074327856314,0.2079648904492553,0.5000228866652944,0.3968799999999959,0.7462019696500803,0.35559999999998126,kv_large
fcfs,10,0.05,0.0,4096,1.2,5397,0.6209,0,0.026041666666666664,-0.02513227513227513,0.0738095238095238,1.0,1.0,1.0,1.0,1.0,1.0,-0.00040437500000034543,1.0,64.0195036781084,0.0,0.6163452027695351,128.0,0.3851084863493518,0.17698173229294611,0.4595633141472682,0.41247999999998797,0.7264363797972493,0.28540000000000276,kv_large
fcfs,11,0.05,0.0,4096,1.2,5305,0.6261,0,-0.010416666666666668,-0.06071428571428571,0.03787878787878787,1.0,1.0,1.0,1.0,1.0,1.0,-0.002991249999999668,1.0,63.842196393086006,0.0,0.6213654005217281,128.0,0.39636346329601607,0.19098444883865637,0.4818417097542199,0.3946930017935273,0.7616985286322304,0.3064744696910111,kv_large
fcfs,0,0.15,0.005,4096,1.2,5014,0.6258,0,0.010416666666666668,-0.06974025974025973,0.07819264069264069,1.0,1.0,1.0,1.0,1.0,1.0,0.006752500000000661,1.0,133.01106081743728,0.0,0.6209129168015539,128.0,0.3555964659542769,0.19653318894000898,0.5526860015680795,0.29717858241311035,0.7297812364081651,0.2791739639224069,kv_large
fcfs,1,0.15,0.005,4096,1.2,4522,0.6183,0,-0.046875,-0.10595238095238095,0.016666666666666663,1.0,1.0,1.0,1.0,1.0,1.0,-0.004451875000000556,1.0,167.76774432149367,0.0,0.6137048655963585,128.0,0.413689955039292,0.2293896242752555,0.5544964809538782,0.3201999999999998,0.8183454625943458,0.33171848285768135,kv_large
fcfs,2,0.15,0.005,4096,1.2,3804,0.6187,0,0.05208333333333334,-0.03395562770562771,0.12813283208020051,1.0,1.0,1.0,1.0,1.0,1.0,0.02056750000000057,1.0,245.3363388191982,0.0,0.6141766494941344,128.0,0.4086849752986303,0.19792080937227788,0.4842869724478007,0.3504568435408686,0.762487897178417,0.30405459392036605,kv_large
fcfs,3,0.15,0.005,4096,1.2,4439,0.6259,0,-0.026041666666666664,-0.09752284752284751,0.06012506012506012,1.0,1.0,1.0,1.0,1.0,1.0,0.00455562499999998,1.0,236.14528625380862,0.0,0.6210588158495985,128.0,0.37172038874992624,0.17820699579947757,0.47941141027743245,0.31043411450176706,0.6566036847174388,0.27704477548982,kv_large
fcfs,4,0.15,0.005,4096,1.2,4142,0.6084,0,-0.10416666666666666,-0.2027056277056277,-0.0011904761904761862,1.0,1.0,1.0,1.0,1.0,1.0,-0.014633124999999726,1.0,225.81669207616056,0.0,0.6041752184366387,128.0,0.41701568756217355,0.20676514846007124,0.4958210317429468,0.32011999936313273,0.8204240470904693,0.3123579684955473,kv_large
fcfs,5,0.15,0.005,4096,1.2,4594,0.616,0,0.05208333333333333,-0.0285095856524428,0.12662337662337664,1.0,1.0,1.0,1.0,1.0,1.0,0.012769999999999754,1.0,198.57085060631766,0.0,0.611605808880655,128.0,0.4093641933299348,0.22939630391284127,0.5603721762932866,0.29643999999999693,0.8276449002802089,0.34716642461201275,kv_large
fcfs,6,0.15,0.005,4096,1.2,4499,0.6176,0,0.0625,-0.03517316017316017,0.15277777777777776,1.0,1.0,1.0,1.0,1.0,1.0,0.006131875000000286,1.0,204.47477667265807,0.0,0.6130916536191738,128.0,0.40474232317710995,0.2294626119312795,0.5669350566801724,0.32684350338884016,0.7791117090459494,0.35730800741415436,kv_large
fcfs,7,0.15,0.005,4096,1.2,4251,0.6218,0,0.07291666666666667,-0.03138528138528137,0.16774891774891776,1.0,1.0,1.0,1.0,1.0,1.0,0.0028212500000000668,1.0,207.11155634682302,0.0,0.6169783991435229,128.0,0.4171713935567236,0.23579643633989394,0.5652267628648708,0.38321332024452914,0.8925503922516427,0.29408651206775005,kv_large
fcfs,8,0.15,0.005,4096,1.2,4425,0.6196,0,-0.026041666666666664,-0.128517316017316,0.07413419913419912,1.0,1.0,1.0,1.0,1.0,1.0,-0.00019562500000022687,1.0,181.60420069564623,0.0,0.6151713088489031,128.0,0.434819961473593,0.244601977020596,0.5625362188792956,0.3967439157829453,0.8298675977035401,0.4490312603014779,kv_large
fcfs,9,0.15,0.005,4096,1.2,4816,0.6206,0,-0.00520833333333333,-0.08973063973063973,0.07164502164502165,1.0,1.0,1.0,1.0,1.0,1.0,0.005698124999999832,1.0,179.57693585782306,0.0,0.6159702765257644,128.0,0.3942216050005835,0.20563704694338755,0.5216280496424928,0.31302262237944234,0.8127676126375292,0.3286595316973333,kv_large
fcfs,10,0.15,0.005,4096,1.2,4604,0.6209,0,0.07291666666666666,0.0071428571428571366,0.12316017316017314,1.0,1.0,1.0,1.0,1.0,1.0,-0.002843124999999891,1.0,179.0877295086956,0.0,0.6163452027695351,128.0,0.3722593234990459,0.18536543849639378,0.4979470675282331,0.2999200000000002,0.6837591404351144,0.29770635820533364,kv_large
fcfs,11,0.15,0.005,4096,1.2,4329,0.6261,0,-0.015625,-0.11147186147186144,0.07526564344746162,1.0,1.0,1.0,1.0,1.0,1.0,-0.003312499999999996,1.0,180.43523535170158,0.0,0.6213654005217281,128.0,0.4003935117222907,0.2230804987214115,0.5571531310830484,0.39547701053640516,0.8429422925990941,0.272418930471666,kv_large
fcfs,0,0.15,0.0,4096,1.2,5001,0.6258,0,0.005208333333333336,-0.057765151515151505,0.0630952380952381,1.0,1.0,1.0,1.0,1.0,1.0,0.004351875000000005,1.0,133.01942568915587,0.0,0.6209129168015539,128.0,0.3743895837299932,0.18431729274920172,0.4923141581901752,0.3046507148427793,0.6886799999999997,0.2700400000000016,kv_large
fcfs,1,0.15,0.0,4096,1.2,4509,0.6183,0,0.020833333333333336,-0.0303030303030303,0.06190476190476191,1.0,1.0,1.0,1.0,1.0,1.0,0.0008018749999999832,1.0,167.76910918437707,0.0,0.6137048655963585,128.0,0.4309520544636928,0.21748170711928963,0.5046540673531288,0.4525600000000054,0.83216,0.30442149017949216,kv_large
fcfs,2,0.15,0.0,4096,1.2,3797,0.6187,0,0.036458333333333336,-0.03906926406926407,0.10300751879699248,1.0,1.0,1.0,1.0,1.0,1.0,0.004428125000000116,1.0,245.36275338362825,0.0,0.6141766494941344,128.0,0.420160819732444,0.17955339078553512,0.4273444413495615,0.38248000000000104,0.7612799999999993,0.29911740001303144,kv_large
fcfs,3,0.15,0.0,4096,1.2,4431,0.6259,0,-0.031249999999999997,-0.09383116883116883,0.03306878306878307,1.0,1.0,1.0,1.0,1.0,1.0,0.0035918750000000985,1.0,236.1755513719192,0.0,0.6210588158495985,128.0,0.38339743887167504,0.17504874558137543,0.45657254804971475,0.3336400000000026,0.7624531128961891,0.2760976998118352,kv_large
fcfs,4,0.15,0.0,4096,1.2,4136,0.6084,0,0.05729166666666665,-0.007107053347654853,0.11892736892736891,1.0,1.0,1.0,1.0,1.0,1.0,0.00016624999999997891,1.0,225.8369137534834,0.0,0.6041752184366387,128.0,0.4279876005582418,0.1982213495314485,0.46314741191777575,0.39326205400951864,0.7525200000000001,0.32284000000000646,kv_large
fcfs,5,0.15,0.0,4096,1.2,4582,0.616,0,-0.015624999999999998,-0.06923701298701299,0.04256854256854256,1.0,1.0,1.0,1.0,1.0,1.0,-0.00031249999999960476,1.0,198.57175163801824,0.0,0.611605808880655,128.0,0.4219983974955086,0.21782942410968537,0.5161854296188501,0.4056399999999982,0.8233999999999995,0.3434216304442401,kv_large
fcfs,6,0.15,0.0,4096,1.2,4488,0.6176,0,0.005208333333333336,-0.05194805194805195,0.05509641873278237,1.0,1.0,1.0,1.0,1.0,1.0,-0.0007831250000000789,1.0,204.48853955752298,0.0,0.6130916536191738,128.0,0.4208090266747085,0.21770328426401367,0.5173446158803563,0.32295999999999836,0.7483224944340741,0.35213923205561315,kv_large
fcfs,7,0.15,0.0,4096,1.2,4244,0.6218,0,0.0625,-0.016428571428571424,0.13712121212121212,1.0,1.0,1.0,1.0,1.0,1.0,0.0022475000000001244,1.0,207.12877190961342,0.0,0.6169783991435229,128.0,0.42397985774026453,0.22275838787889138,0.525398515547774,0.43671999999999933,0.8307199999999999,0.28794188686948274,kv_large
fcfs,8,0.15,0.0,4096,1.2,4415,0.6196,0,0.05208333333333333,-0.013392857142857144,0.10822510822510822,1.0,1.0,1.0,1.0,1.0,1.0,4.687499999997402e-05,1.0,181.60544885150594,0.0,0.6151713088489031,128.0,0.44259154640296605,0.23308023993809207,0.5266260547278498,0.3962799999999973,0.7859600000000002,0.44152000000000413,kv_large
fcfs,9,0.15,0.0,4096,1.2,4805,0.6206,0,0.046875,-0.009848484848484848,0.08777056277056276,1.0,1.0,1.0,1.0,1.0,1.0,0.001831250000000062,1.0,179.58849067414238,0.0,0.6159702765257644,128.0,0.4025865927326399,0.19511078428031828,0.48464302538234916,0.3998066846378805,0.7612799999999993,0.3258211533481514,kv_large
fcfs,10,0.15,0.0,4096,1.2,4598,0.6209,0,0.026041666666666664,-0.02513227513227513,0.0738095238095238,1.0,1.0,1.0,1.0,1.0,1.0,-0.00041750000000008447,1.0,179.09703059472875,0.0,0.6163452027695351,128.0,0.3882164209729327,0.17678653361366845,0.45538139054142274,0.4124800000000022,0.69984,0.28607106778883207,kv_large
fcfs,11,0.15,0.0,4096,1.2,4320,0.6261,0,-0.02604166666666667,-0.07870916961826052,0.02380952380952381,1.0,1.0,1.0,1.0,1.0,1.0,-0.0036637499999999656,1.0,180.44594368614807,0.0,0.6213654005217281,128.0,0.41070152108251173,0.21013844607124937,0.5116573357638762,0.40057453396142506,0.8376626901799167,0.26876822505987974,kv_large
fcfs,0,0.3,0.005,4096,1.2,4208,0.6258,0,-0.020833333333333332,-0.0841991341991342,0.04269972451790634,1.0,1.0,1.0,1.0,1.0,1.0,-0.009270625000000116,1.0,248.46767855635377,0.0,0.6209129168015539,128.0,0.39073637194443855,0.21981542338171023,0.5625670891292589,0.3157887025099022,0.803568251139815,0.2673436337664814,kv_large
fcfs,1,0.3,0.005,4096,1.2,3270,0.6183,0,-0.06249999999999999,-0.13311688311688316,0.016137566137566135,1.0,1.0,1.0,1.0,1.0,1.0,0.016400000000000074,0.96875,308.8533458141379,0.0,0.6137048655963585,128.0,0.47061372502586185,0.24641426755946888,0.5236019573078273,0.4775669429606424,0.9522136536189372,0.30997690455986304,kv_large
fcfs,2,0.3,0.005,4096,1.2,2769,0.6187,0,0.0625,-0.009259259259259257,0.11858379715522573,1.0,1.0,1.0,1.0,1.0,1.0,0.017106874999999883,0.96875,442.1377362280981,0.0,0.6141766494941344,128.0,0.4704431211545463,0.27365672297276755,0.5816999136923675,0.3922277952754101,0.9038039998035572,0.515407644636845,kv_large
fcfs,3,0.3,0.005,4096,1.2,2723,0.6259,0,-0.052083333333333336,-0.11796536796536798,0.0250373408268145,1.0,1.0,1.0,1.0,1.0,1.0,0.009675624999999966,1.0,421.46165139856413,0.0,0.6210588158495985,128.0,0.507335432394531,0.2597024275310378,0.5118949139926804,0.5099232850341977,0.9583441444828793,0.43073151018851163,kv_large
fcfs,4,0.3,0.005,4096,1.2,2891,0.6084,0,-0.005208333333333325,-0.09633933318143845,0.07835497835497834,1.0,1.0,1.0,1.0,1.0,1.0,0.011996250000000024,1.0,408.25548219080986,0.0,0.6041752184366387,128.0,0.4631800194907498,0.2331007791438379,0.5032617326630886,0.4594138423692691,0.8297840470904693,0.33783831530396746,kv_large
fcfs,5,0.3,0.005,4096,1.2,3419,0.616,0,-0.036458333333333336,-0.09970238095238093,0.038744588744588755,1.0,1.0,1.0,1.0,1.0,1.0,0.0026031249999998174,1.0,367.7735370191716,0.0,0.611605808880655,128.0,0.4850947892533102,0.263200628987378,0.542575667309298,0.5117033579029808,1.0548049002802085,0.3673955132229594,kv_large
fcfs,6,0.3,0.005,4096,1.2,3575,0.6176,0,0.11979166666666669,0.023376623376623364,0.18484848484848487,1.0,1.0,1.0,1.0,1.0,1.0,0.0026381250000000744,1.0,369.2753936317659,0.0,0.6130916536191738,128.0,0.44330569590248037,0.22699731409134496,0.512055938350227,0.36297580625306125,0.7937034941371195,0.3959096310378243,kv_large
fcfs,7,0.3,0.005,4096,1.2,2878,0.6218,0,0.11979166666666667,0.0012025012025011926,0.22646103896103892,0.96875,0.9444444444444444,1.0,1.0,1.0,1.0,0.023345000000000324,0.875,386.12833357840543,0.0,0.6169783991435229,128.0,0.5393615982823952,0.4263030400276983,0.7903844867437105,0.46935258544720426,1.5424870011152052,0.35893586203780004,kv_large
fcfs,8,0.3,0.005,4096,1.2,3784,0.6196,0,0.010416666666666668,-0.08328523328523328,0.1042896497441952,1.0,1.0,1.0,1.0,1.0,1.0,-0.004810000000000328,1.0,333.1116444058121,0.0,0.6151713088489031,128.0,0.40206625543021823,0.22360252305104278,0.556133522848825,0.3046061525236876,0.7835729146477569,0.33342652269017137,kv_large
fcfs,9,0.3,0.005,4096,1.2,3659,0.6206,0,-0.010416666666666661,-0.08322510822510823,0.0677008177008177,1.0,1.0,1.0,1.0,1.0,1.0,-0.0007431250000000597,1.0,334.00447109398664,0.0,0.6159702765257644,128.0,0.4345839598914886,0.22426668686472837,0.5160491586498627,0.41381664450864264,0.7915138815304239,0.3301680954424384,kv_large
fcfs,10,0.3,0.005,4096,1.2,3471,0.6209,0,0.07291666666666666,0.0020202020202020224,0.1338383838383838,1.0,1.0,1.0,1.0,1.0,1.0,0.006260624999999992,1.0,325.2363677848031,0.0,0.6163452027695351,128.0,0.4140956382265565,0.19038551999830458,0.4597621960319767,0.3836948366534827,0.7584517848389041,0.3017418575356574,kv_large
fcfs,11,0.3,0.005,4096,1.2,2919,0.6261,0,-0.005208333333333336,-0.10208333333333333,0.08044733044733045,1.0,1.0,1.0,1.0,1.0,1.0,0.0030862500000001097,1.0,332.03773728457037,0.0,0.6213654005217281,128.0,0.44926104051657856,0.2611111620109523,0.5812014362757031,0.4557619377373019,0.9801604809011293,0.33095181486110903,kv_large
fcfs,0,0.3,0.0,4096,1.2,4201,0.6258,0,0.026041666666666668,-0.04629629629629631,0.08996212121212123,1.0,1.0,1.0,1.0,1.0,1.0,0.008131875000000025,1.0,248.49686944281893,0.0,0.6209129168015539,128.0,0.39965822129291406,0.2111833933884059,0.5284099816718825,0.3548651350340464,0.7612799999999993,0.2665119914631031,kv_large
fcfs,1,0.3,0.0,4096,1.2,3258,0.6183,0,0.06770833333333333,0.013636363636363636,0.11041666666666666,0.96875,0.9444444444444444,1.0,1.0,1.0,1.0,0.022654375000000036,0.96875,308.89321243934563,0.0,0.6137048655963585,128.0,0.4826157870368803,0.23566727923587563,0.4883124124115453,0.4771599999999978,0.9555478665029606,0.2919199999999975,kv_large
fcfs,2,0.3,0.0,4096,1.2,2757,0.6187,0,0.09375,0.015031265031265038,0.1580656185919344,0.96875,0.9444444444444444,1.0,1.0,1.0,1.0,0.01093625000000012,0.96875,442.2235332810847,0.0,0.6141766494941344,128.0,0.48000900931301405,0.2618446975114093,0.5454995477817381,0.39583480708101604,0.9031286373287486,0.5187434637668815,kv_large
fcfs,3,0.3,0.0,4096,1.2,2720,0.6259,0,0.07812499999999999,0.0047619047619047615,0.1349206349206349,1.0,1.0,1.0,1.0,1.0,1.0,0.008325625000000024,1.0,421.4875751365486,0.0,0.6210588158495985,128.0,0.5111367675976686,0.2516092091031194,0.492254177459542,0.5115436669138518,0.9609963882783532,0.4423152007706719,kv_large
fcfs,4,0.3,0.0,4096,1.2,2886,0.6084,0,0.07812499999999999,-0.003246753246753249,0.14857142857142858,1.0,1.0,1.0,1.0,1.0,1.0,0.0002899999999998043,1.0,408.3215820547173,0.0,0.6041752184366387,128.0,0.47410731728131156,0.22714649728904254,0.47910354683318496,0.4761698322179546,0.76128,0.38569032901270717,kv_large
fcfs,5,0.3,0.0,4096,1.2,3415,0.616,0,0.015625,-0.037987012987012986,0.07045454545454546,1.0,1.0,1.0,1.0,1.0,1.0,0.004900625000000047,1.0,367.7772107975326,0.0,0.611605808880655,128.0,0.4934839909654657,0.2543502314616011,0.51541739168475,0.5159180676002038,1.015039999999999,0.37438849837497656,kv_large
fcfs,6,0.3,0.0,4096,1.2,3572,0.6176,0,0.005208333333333332,-0.060064935064935064,0.06306818181818181,1.0,1.0,1.0,1.0,1.0,1.0,0.0016168749999999898,1.0,369.32028411616096,0.0,0.6130916536191738,128.0,0.4522962673666573,0.21879069288056963,0.4837331383573089,0.499167652996114,0.7691043515471634,0.4081151890201511,kv_large
fcfs,7,0.3,0.0,4096,1.2,2876,0.6218,0,0.19270833333333334,0.07936507936507936,0.28769841269841273,0.875,0.8333333333333334,1.0,1.0,1.0,1.0,0.02256375000000016,0.875,386.1881757169804,0.0,0.6169783991435229,128.0,0.5484270811394096,0.4160716406756862,0.7586635579907134,0.4626905757392876,1.5469648887740846,0.3822850901236663,kv_large
fcfs,8,0.3,0.0,4096,1.2,3778,0.6196,0,0.031249999999999997,-0.02857142857142857,0.0891156462585034,1.0,1.0,1.0,1.0,1.0,1.0,-0.004716250000000144,1.0,333.11584392102554,0.0,0.6151713088489031,128.0,0.4110052147693643,0.21300131507842374,0.5182447993949407,0.40567499007931573,0.7807744330451438,0.35028331422686065,kv_large
fcfs,9,0.3,0.0,4096,1.2,3650,0.6206,0,0.06770833333333333,0.01346801346801347,0.10553494124922695,1.0,1.0,1.0,1.0,1.0,1.0,0.0039343750000001565,1.0,334.04444628291145,0.0,0.6159702765257644,128.0,0.4431850604659019,0.21734790800215292,0.4904224609323793,0.43165109714510663,0.7671165962743132,0.34616000000000113,kv_large
fcfs,10,0.3,0.0,4096,1.2,3467,0.6209,0,0.057291666666666664,-0.011904761904761908,0.11604136604136601,1.0,1.0,1.0,1.0,1.0,1.0,0.0020862499999999146,1.0,325.2670451892751,0.0,0.6163452027695351,128.0,0.4238061238674041,0.18533229673798177,0.43730443309018,0.4124800000000022,0.7527599999999985,0.3006650731855638,kv_large
fcfs,11,0.3,0.0,4096,1.2,2915,0.6261,0,0.026041666666666664,-0.016666666666666666,0.06688311688311688,1.0,1.0,1.0,1.0,1.0,1.0,0.0009831250000000569,1.0,332.07400129018913,0.0,0.6213654005217281,128.0,0.4638278957704623,0.2497336889356783,0.5384188644386014,0.45100000000000007,1.016763648443277,0.33250051394089297,kv_large
fcfs,0,0.05,0.005,1536,1.2,5699,0.6258,0,0.036458333333333336,-0.040151515151515146,0.09976190476190477,1.0,1.0,1.0,1.0,1.0,1.0,0.005521249999999034,1.0,46.52853965688856,0.0,0.6209129168015539,128.0,0.3411996522905875,0.18481884200193424,0.5416735942172961,0.2715999999999781,0.6706141701081094,0.25812111077590316,kv_medium
fcfs,1,0.05,0.005,1536,1.2,5379,0.6183,0,0.015624999999999997,-0.050865800865800864,0.07349468713105076,1.0,1.0,1.0,1.0,1.0,1.0,0.006683125000001053,1.0,58.096938816881796,0.0,0.6137048655963585,128.0,0.4214126370685638,0.23027219551471065,0.5464292602057051,0.41433441928657544,0.8183454625943454,0.3439908273756629,kv_medium
fcfs,2,0.05,0.005,1536,1.2,5661,0.6187,0,0.06250000000000001,-0.01071428571428571,0.12359098228663444,1.0,1.0,1.0,1.0,1.0,1.0,0.014230625000000163,1.0,88.23609416336284,0.0,0.6141766494941344,128.0,0.3652857595300914,0.1895582556418471,0.5189314138215995,0.2877852303145687,0.7612320644059309,0.26757005492612507,kv_medium
fcfs,3,0.05,0.005,1536,1.2,5629,0.6259,0,-0.05208333333333334,-0.14273689273689275,0.04757094757094759,1.0,1.0,1.0,1.0,1.0,1.0,-0.005903124999999704,1.0,85.58729767363305,0.0,0.6210588158495985,128.0,0.3719571000214794,0.18825905834900752,0.5061311058133751,0.31887999999997874,0.6750929223335902,0.2988966038120111,kv_medium
fcfs,4,0.05,0.005,1536,1.2,5582,0.6084,0,-0.031249999999999997,-0.1093073593073593,0.05984848484848485,1.0,1.0,1.0,1.0,1.0,1.0,-0.0011975000000008923,1.0,81.01058026633103,0.0,0.6041752184366387,128.0,0.40389708609958536,0.19304531591781185,0.4779566938252542,0.31884413898274033,0.6785440979995911,0.3033436901615971,kv_medium
fcfs,5,0.05,0.005,1536,1.2,5903,0.616,0,0.036458333333333336,-0.05070346320346321,0.11507936507936506,1.0,1.0,1.0,1.0,1.0,1.0,0.015247500000000358,1.0,69.86131954364097,0.0,0.611605808880655,128.0,0.3955928532633674,0.19692342924781522,0.49779319222613133,0.35525000158537523,0.7021144048399393,0.31962071765162037,kv_medium
fcfs,6,0.05,0.005,1536,1.2,5453,0.6176,0,0.10416666666666666,1.1102230246251566e-17,0.1919191919191919,1.0,1.0,1.0,1.0,1.0,1.0,0.02051624999999857,1.0,73.41006030678878,0.0,0.6130916536191738,128.0,0.40458737743041295,0.22656389694184328,0.559987556657798,0.32607421796362246,0.7805600000000048,0.33807192586834844,kv_medium
fcfs,7,0.05,0.005,1536,1.2,5499,0.6218,0,0.13541666666666666,0.029437229437229446,0.21530286755850664,1.0,1.0,1.0,1.0,1.0,1.0,0.00558000000000064,1.0,72.55667827413073,0.0,0.6169783991435229,128.0,0.3752378116739563,0.2053571573616728,0.5472720258269371,0.30889206437177563,0.8206585873056582,0.2735719041153999,kv_medium
fcfs,8,0.05,0.005,1536,1.2,5700,0.6196,0,-0.03645833333333333,-0.12849271940181028,0.05784030784030785,1.0,1.0,1.0,1.0,1.0,1.0,-0.0007306250000001235,1.0,64.41465862858888,0.0,0.6151713088489031,128.0,0.3693966440538236,0.2064046168271001,0.5587614834882624,0.30016000000000176,0.7698460837806351,0.29215475130470736,kv_medium
fcfs,9,0.05,0.005,1536,1.2,5905,0.6206,0,0.031249999999999997,-0.06890331890331891,0.13323713323713327,1.0,1.0,1.0,1.0,1.0,1.0,0.008206874999998948,1.0,63.022568659937825,0.0,0.6159702765257644,128.0,0.3999234496301704,0.21844243158195484,0.5462106105154866,0.3166330112661129,0.7447634690140532,0.32210055023031714,kv_medium
fcfs,10,0.05,0.005,1536,1.2,5409,0.6209,0,0.06249999999999999,-0.029220779220779227,0.13614718614718613,1.0,1.0,1.0,1.0,1.0,1.0,-0.0023581249999999887,1.0,64.01831518685775,0.0,0.6163452027695351,128.0,0.36632574338563706,0.18790801124271544,0.5129533335714865,0.299919999999986,0.7332058639367922,0.2951935210713508,kv_medium
fcfs,11,0.05,0.005,1536,1.2,5318,0.6261,0,0.052083333333333336,-0.06252705627705628,0.15476190476190477,1.0,1.0,1.0,1.0,1.0,1.0,0.006493124999999933,1.0,63.84085591421372,0.0,0.6213654005217281,128.0,0.37464870840492026,0.2019077759800442,0.5389255893598925,0.3547651355306414,0.7273476311283247,0.30229882120607954,kv_medium
fcfs,0,0.05,0.0,1536,1.2,5679,0.6258,0,-0.010416666666666664,-0.06926406926406926,0.041666666666666664,1.0,1.0,1.0,1.0,1.0,1.0,-0.00015687500000027832,1.0,46.529563196976945,0.0,0.6209129168015539,128.0,0.36117852248072635,0.16952890347707825,0.46937703358627825,0.2905600000000277,0.6633600000000115,0.25767999999999347,kv_medium
fcfs,1,0.05,0.0,1536,1.2,5359,0.6183,0,0.03645833333333332,-0.0303030303030303,0.08619047619047619,1.0,1.0,1.0,1.0,1.0,1.0,0.00258062500000001,1.0,58.09847416611991,0.0,0.6137048655963585,128.0,0.44105278995323705,0.21234458372960927,0.48144936063577165,0.47211999999998966,0.8321599999999996,0.3543075884369422,kv_medium
fcfs,2,0.05,0.0,1536,1.2,5642,0.6187,0,0.005208333333333336,-0.059523809523809534,0.06565656565656565,1.0,1.0,1.0,1.0,1.0,1.0,-0.001051249999999726,1.0,88.23951067027532,0.0,0.6141766494941344,128.0,0.3827877131646338,0.1730823733232787,0.45216282385959816,0.3320799999999906,0.7112399999999965,0.2627200000000016,kv_medium
fcfs,3,0.05,0.0,1536,1.2,5607,0.6259,0,3.469446951953614e-18,-0.08214285714285714,0.07804232804232804,1.0,1.0,1.0,1.0,1.0,1.0,-0.003241874999999922,1.0,85.59065237658453,0.0,0.6210588158495985,128.0,0.3892993328839471,0.173716136733634,0.4462276763916779,0.36351999999999407,0.6882261322819261,0.2938000000000045,kv_medium
fcfs,4,0.05,0.0,1536,1.2,5563,0.6084,0,0.04166666666666666,-0.022727272727272728,0.1002164502164502,1.0,1.0,1.0,1.0,1.0,1.0,-0.00037499999999993094,1.0,81.01318260395902,0.0,0.6041752184366387,128.0,0.41811746847913234,0.1818070264184999,0.4348228431589044,0.38667999999999836,0.6741600000000005,0.32283999999999224,kv_medium
fcfs,5,0.05,0.0,1536,1.2,5884,0.616,0,-0.036458333333333336,-0.08915343915343915,0.016233766233766236,1.0,1.0,1.0,1.0,1.0,1.0,-0.0003012499999997531,1.0,69.86338259950725,0.0,0.611605808880655,128.0,0.4076931126615877,0.18587608912164735,0.4559215825554964,0.4176103842348198,0.683400000000006,0.3312400000000082,kv_medium
fcfs,6,0.05,0.0,1536,1.2,5438,0.6176,0,-0.010416666666666661,-0.0709366391184573,0.044949494949494954,1.0,1.0,1.0,1.0,1.0,1.0,0.0028493749999985996,1.0,73.40960392383815,0.0,0.6130916536191738,128.0,0.41841434701941393,0.20736824362796077,0.495605002804407,0.3395150613118503,0.7267200000000038,0.3512800000000027,kv_medium
fcfs,7,0.05,0.0,1536,1.2,5480,0.6218,0,0.031249999999999993,-0.05000000000000001,0.10389610389610388,1.0,1.0,1.0,1.0,1.0,1.0,-0.004118750000000004,1.0,72.55879100360976,0.0,0.6169783991435229,128.0,0.3877877942688178,0.18820660168447073,0.4853340008788526,0.32247999999998456,0.7259999999999991,0.2764000000000042,kv_medium
fcfs,8,0.05,0.0,1536,1.2,5681,0.6196,0,0.010416666666666668,-0.04401154401154401,0.06290979975190503,1.0,1.0,1.0,1.0,1.0,1.0,-0.0008949999999997849,1.0,64.41481565927668,0.0,0.6151713088489031,128.0,0.38838181642040503,0.19464463407532187,0.5011682469310773,0.30535202228901426,0.7483200000000068,0.2791599999999903,kv_medium
fcfs,9,0.05,0.0,1536,1.2,5881,0.6206,0,0.036458333333333336,-0.009848484848484848,0.07077922077922078,1.0,1.0,1.0,1.0,1.0,1.0,-0.0010143750000005114,1.0,63.02399176182813,0.0,0.6159702765257644,128.0,0.41591074327856314,0.2079648904492553,0.5000228866652944,0.3968799999999959,0.7462019696500803,0.35559999999998126,kv_medium
fcfs,10,0.05,0.0,1536,1.2,5397,0.6209,0,0.026041666666666664,-0.02513227513227513,0.0738095238095238,1.0,1.0,1.0,1.0,1.0,1.0,-0.00040437500000034543,1.0,64.0195036781084,0.0,0.6163452027695351,128.0,0.3851084863493518,0.17698173229294611,0.4595633141472682,0.41247999999998797,0.7264363797972493,0.28540000000000276,kv_medium
fcfs,11,0.05,0.0,1536,1.2,5305,0.6261,0,-0.010416666666666668,-0.06071428571428571,0.03787878787878787,1.0,1.0,1.0,1.0,1.0,1.0,-0.002991249999999668,1.0,63.842196393086006,0.0,0.6213654005217281,128.0,0.39636346329601607,0.19098444883865637,0.4818417097542199,0.3946930017935273,0.7616985286322304,0.3064744696910111,kv_medium
fcfs,0,0.15,0.005,1536,1.2,5014,0.6258,0,0.010416666666666668,-0.06974025974025973,0.07819264069264069,1.0,1.0,1.0,1.0,1.0,1.0,0.006752500000000661,1.0,133.01106081743728,0.0,0.6209129168015539,128.0,0.3555964659542769,0.19653318894000898,0.5526860015680795,0.29717858241311035,0.7297812364081651,0.2791739639224069,kv_medium
fcfs,1,0.15,0.005,1536,1.2,4522,0.6183,0,-0.046875,-0.10595238095238095,0.016666666666666663,1.0,1.0,1.0,1.0,1.0,1.0,-0.004451875000000556,1.0,167.76774432149367,0.0,0.6137048655963585,128.0,0.413689955039292,0.2293896242752555,0.5544964809538782,0.3201999999999998,0.8183454625943458,0.33171848285768135,kv_medium
fcfs,2,0.15,0.005,1536,1.2,3804,0.6187,0,0.05208333333333334,-0.03395562770562771,0.12813283208020051,1.0,1.0,1.0,1.0,1.0,1.0,0.02056750000000057,1.0,245.3363388191982,0.0,0.6141766494941344,128.0,0.4086849752986303,0.19792080937227788,0.4842869724478007,0.3504568435408686,0.762487897178417,0.30405459392036605,kv_medium
fcfs,3,0.15,0.005,1536,1.2,4439,0.6259,0,-0.026041666666666664,-0.09752284752284751,0.06012506012506012,1.0,1.0,1.0,1.0,1.0,1.0,0.00455562499999998,1.0,236.14528625380862,0.0,0.6210588158495985,128.0,0.37172038874992624,0.17820699579947757,0.47941141027743245,0.31043411450176706,0.6566036847174388,0.27704477548982,kv_medium
fcfs,4,0.15,0.005,1536,1.2,4142,0.6084,0,-0.10416666666666666,-0.2027056277056277,-0.0011904761904761862,1.0,1.0,1.0,1.0,1.0,1.0,-0.014633124999999726,1.0,225.81669207616056,0.0,0.6041752184366387,128.0,0.41701568756217355,0.20676514846007124,0.4958210317429468,0.32011999936313273,0.8204240470904693,0.3123579684955473,kv_medium
fcfs,5,0.15,0.005,1536,1.2,4594,0.616,0,0.05208333333333333,-0.0285095856524428,0.12662337662337664,1.0,1.0,1.0,1.0,1.0,1.0,0.012769999999999754,1.0,198.57085060631766,0.0,0.611605808880655,128.0,0.4093641933299348,0.22939630391284127,0.5603721762932866,0.29643999999999693,0.8276449002802089,0.34716642461201275,kv_medium
fcfs,6,0.15,0.005,1536,1.2,4499,0.6176,0,0.0625,-0.03517316017316017,0.15277777777777776,1.0,1.0,1.0,1.0,1.0,1.0,0.006131875000000286,1.0,204.47477667265807,0.0,0.6130916536191738,128.0,0.40474232317710995,0.2294626119312795,0.5669350566801724,0.32684350338884016,0.7791117090459494,0.35730800741415436,kv_medium
fcfs,7,0.15,0.005,1536,1.2,4251,0.6218,0,0.07291666666666667,-0.03138528138528137,0.16774891774891776,1.0,1.0,1.0,1.0,1.0,1.0,0.0028212500000000668,1.0,207.11155634682302,0.0,0.6169783991435229,128.0,0.4171713935567236,0.23579643633989394,0.5652267628648708,0.38321332024452914,0.8925503922516427,0.29408651206775005,kv_medium
fcfs,8,0.15,0.005,1536,1.2,4425,0.6196,0,-0.026041666666666664,-0.128517316017316,0.07413419913419912,1.0,1.0,1.0,1.0,1.0,1.0,-0.00019562500000022687,1.0,181.60420069564623,0.0,0.6151713088489031,128.0,0.434819961473593,0.244601977020596,0.5625362188792956,0.3967439157829453,0.8298675977035401,0.4490312603014779,kv_medium
fcfs,9,0.15,0.005,1536,1.2,4816,0.6206,0,-0.00520833333333333,-0.08973063973063973,0.07164502164502165,1.0,1.0,1.0,1.0,1.0,1.0,0.005698124999999832,1.0,179.57693585782306,0.0,0.6159702765257644,128.0,0.3942216050005835,0.20563704694338755,0.5216280496424928,0.31302262237944234,0.8127676126375292,0.3286595316973333,kv_medium
fcfs,10,0.15,0.005,1536,1.2,4604,0.6209,0,0.07291666666666666,0.0071428571428571366,0.12316017316017314,1.0,1.0,1.0,1.0,1.0,1.0,-0.002843124999999891,1.0,179.0877295086956,0.0,0.6163452027695351,128.0,0.3722593234990459,0.18536543849639378,0.4979470675282331,0.2999200000000002,0.6837591404351144,0.29770635820533364,kv_medium
fcfs,11,0.15,0.005,1536,1.2,4329,0.6261,0,-0.015625,-0.11147186147186144,0.07526564344746162,1.0,1.0,1.0,1.0,1.0,1.0,-0.003312499999999996,1.0,180.43523535170158,0.0,0.6213654005217281,128.0,0.4003935117222907,0.2230804987214115,0.5571531310830484,0.39547701053640516,0.8429422925990941,0.272418930471666,kv_medium
fcfs,0,0.15,0.0,1536,1.2,5001,0.6258,0,0.005208333333333336,-0.057765151515151505,0.0630952380952381,1.0,1.0,1.0,1.0,1.0,1.0,0.004351875000000005,1.0,133.01942568915587,0.0,0.6209129168015539,128.0,0.3743895837299932,0.18431729274920172,0.4923141581901752,0.3046507148427793,0.6886799999999997,0.2700400000000016,kv_medium
fcfs,1,0.15,0.0,1536,1.2,4509,0.6183,0,0.020833333333333336,-0.0303030303030303,0.06190476190476191,1.0,1.0,1.0,1.0,1.0,1.0,0.0008018749999999832,1.0,167.76910918437707,0.0,0.6137048655963585,128.0,0.4309520544636928,0.21748170711928963,0.5046540673531288,0.4525600000000054,0.83216,0.30442149017949216,kv_medium
fcfs,2,0.15,0.0,1536,1.2,3797,0.6187,0,0.036458333333333336,-0.03906926406926407,0.10300751879699248,1.0,1.0,1.0,1.0,1.0,1.0,0.004428125000000116,1.0,245.36275338362825,0.0,0.6141766494941344,128.0,0.420160819732444,0.17955339078553512,0.4273444413495615,0.38248000000000104,0.7612799999999993,0.29911740001303144,kv_medium
fcfs,3,0.15,0.0,1536,1.2,4431,0.6259,0,-0.031249999999999997,-0.09383116883116883,0.03306878306878307,1.0,1.0,1.0,1.0,1.0,1.0,0.0035918750000000985,1.0,236.1755513719192,0.0,0.6210588158495985,128.0,0.38339743887167504,0.17504874558137543,0.45657254804971475,0.3336400000000026,0.7624531128961891,0.2760976998118352,kv_medium
fcfs,4,0.15,0.0,1536,1.2,4136,0.6084,0,0.05729166666666665,-0.007107053347654853,0.11892736892736891,1.0,1.0,1.0,1.0,1.0,1.0,0.00016624999999997891,1.0,225.8369137534834,0.0,0.6041752184366387,128.0,0.4279876005582418,0.1982213495314485,0.46314741191777575,0.39326205400951864,0.7525200000000001,0.32284000000000646,kv_medium
fcfs,5,0.15,0.0,1536,1.2,4582,0.616,0,-0.015624999999999998,-0.06923701298701299,0.04256854256854256,1.0,1.0,1.0,1.0,1.0,1.0,-0.00031249999999960476,1.0,198.57175163801824,0.0,0.611605808880655,128.0,0.4219983974955086,0.21782942410968537,0.5161854296188501,0.4056399999999982,0.8233999999999995,0.3434216304442401,kv_medium
fcfs,6,0.15,0.0,1536,1.2,4488,0.6176,0,0.005208333333333336,-0.05194805194805195,0.05509641873278237,1.0,1.0,1.0,1.0,1.0,1.0,-0.0007831250000000789,1.0,204.48853955752298,0.0,0.6130916536191738,128.0,0.4208090266747085,0.21770328426401367,0.5173446158803563,0.32295999999999836,0.7483224944340741,0.35213923205561315,kv_medium
fcfs,7,0.15,0.0,1536,1.2,4244,0.6218,0,0.0625,-0.016428571428571424,0.13712121212121212,1.0,1.0,1.0,1.0,1.0,1.0,0.0022475000000001244,1.0,207.12877190961342,0.0,0.6169783991435229,128.0,0.42397985774026453,0.22275838787889138,0.525398515547774,0.43671999999999933,0.8307199999999999,0.28794188686948274,kv_medium
fcfs,8,0.15,0.0,1536,1.2,4415,0.6196,0,0.05208333333333333,-0.013392857142857144,0.10822510822510822,1.0,1.0,1.0,1.0,1.0,1.0,4.687499999997402e-05,1.0,181.60544885150594,0.0,0.6151713088489031,128.0,0.44259154640296605,0.23308023993809207,0.5266260547278498,0.3962799999999973,0.7859600000000002,0.44152000000000413,kv_medium
fcfs,9,0.15,0.0,1536,1.2,4805,0.6206,0,0.046875,-0.009848484848484848,0.08777056277056276,1.0,1.0,1.0,1.0,1.0,1.0,0.001831250000000062,1.0,179.58849067414238,0.0,0.6159702765257644,128.0,0.4025865927326399,0.19511078428031828,0.48464302538234916,0.3998066846378805,0.7612799999999993,0.3258211533481514,kv_medium
fcfs,10,0.15,0.0,1536,1.2,4598,0.6209,0,0.026041666666666664,-0.02513227513227513,0.0738095238095238,1.0,1.0,1.0,1.0,1.0,1.0,-0.00041750000000008447,1.0,179.09703059472875,0.0,0.6163452027695351,128.0,0.3882164209729327,0.17678653361366845,0.45538139054142274,0.4124800000000022,0.69984,0.28607106778883207,kv_medium
fcfs,11,0.15,0.0,1536,1.2,4320,0.6261,0,-0.02604166666666667,-0.07870916961826052,0.02380952380952381,1.0,1.0,1.0,1.0,1.0,1.0,-0.0036637499999999656,1.0,180.44594368614807,0.0,0.6213654005217281,128.0,0.41070152108251173,0.21013844607124937,0.5116573357638762,0.40057453396142506,0.8376626901799167,0.26876822505987974,kv_medium
fcfs,0,0.3,0.005,1536,1.2,4208,0.6258,0,-0.020833333333333332,-0.0841991341991342,0.04269972451790634,1.0,1.0,1.0,1.0,1.0,1.0,-0.009270625000000116,1.0,248.46767855635377,0.0,0.6209129168015539,128.0,0.39073637194443855,0.21981542338171023,0.5625670891292589,0.3157887025099022,0.803568251139815,0.2673436337664814,kv_medium
fcfs,1,0.3,0.005,1536,1.2,3386,0.7876,169,0.036458333333333356,-0.0761562998405104,0.135254329004329,0.96875,0.9444444444444444,1.0,0.984375,0.953125,1.0,0.05834312499999991,0.90625,308.8533458141379,1.90625,0.6560250968813435,128.0,0.5384527875258608,0.3716334152771124,0.6901875594046648,0.48374115150448205,1.2956281101482996,0.32183885993434913,kv_medium
fcfs,2,0.3,0.005,1536,1.2,2836,0.7485,164,0.078125,0.008928571428571425,0.13540163540163538,1.0,1.0,1.0,1.0,1.0,1.0,0.0315893749999995,0.96875,442.1377362280981,1.0703125,0.6323629818136677,128.0,0.49543492906527276,0.2930525877057901,0.5915057064278585,0.3998686848936899,0.9532376584252447,0.5276122979036408,kv_medium
fcfs,3,0.3,0.005,1536,1.2,2722,0.8119,0,-0.052083333333333336,-0.11796536796536798,0.0250373408268145,1.0,1.0,1.0,1.0,1.0,1.0,0.009378750000000102,1.0,421.46165139856413,0.546875,0.637052026894706,128.0,0.5072419948945581,0.259528796826249,0.5116469051033482,0.5090832850342935,0.957504144482975,0.43073151018841216,kv_medium
fcfs,4,0.3,0.005,1536,1.2,2903,0.697,73,0.010416666666666671,-0.07809523809523808,0.09937180613872344,1.0,1.0,1.0,1.0,1.0,1.0,-0.005478750000000008,1.0,408.25548219080986,0.6796875,0.6207118981997303,128.0,0.46219126949075573,0.2375539546125994,0.5139732623559449,0.45596171346566905,0.8503405344010133,0.3385533044134643,kv_medium
fcfs,5,0.3,0.005,1536,1.2,3424,0.6581,0,-0.03125000000000001,-0.09902597402597402,0.046320346320346324,1.0,1.0,1.0,1.0,1.0,1.0,0.0024068749999998085,1.0,367.7735370191716,0.09375,0.6135779597203131,128.0,0.4840647892533101,0.2646798369689999,0.5467859733761662,0.5117033579029808,1.0548049002802085,0.3665962935901206,kv_medium
fcfs,6,0.3,0.005,1536,1.2,3598,0.6864,26,0.13541666666666669,0.03614718614718614,0.20395021645021646,0.96875,0.9444444444444444,1.0,1.0,1.0,1.0,0.00835437500000008,0.96875,369.2753936317659,0.3359375,0.6179091894495965,128.0,0.444608195902482,0.22573957639689893,0.5077269795683466,0.36297580625306125,0.7937034941371195,0.3959096310378243,kv_medium
fcfs,7,0.3,0.005,1536,1.2,2986,0.7901,240,0.19791666666666666,0.08097205824478551,0.2968614718614719,0.96875,0.9444444444444444,1.0,0.984375,0.953125,1.0,0.029307500000002193,0.875,386.12833357840543,2.421875,0.6280622205428553,128.0,0.6138809732823922,0.4547571225294181,0.7407903849794423,0.5052587320323383,1.5645169716859542,0.4796725289940049,kv_medium
fcfs,8,0.3,0.005,1536,1.2,3784,0.6196,0,0.010416666666666668,-0.08328523328523328,0.1042896497441952,1.0,1.0,1.0,1.0,1.0,1.0,-0.004810000000000328,1.0,333.1116444058121,0.0,0.6151713088489031,128.0,0.40206625543021823,0.22360252305104278,0.556133522848825,0.3046061525236876,0.7835729146477569,0.33342652269017137,kv_medium
fcfs,9,0.3,0.005,1536,1.2,3704,0.7317,75,-0.005208333333333326,-0.08021645021645023,0.0755952380952381,1.0,1.0,1.0,1.0,1.0,1.0,0.00841749999999989,0.9375,334.00447109398664,1.1015625,0.6170057254233159,128.0,0.4618423973914849,0.23846991602298598,0.5163447907118947,0.43836179115248086,0.8187836788709069,0.3338120614156601,kv_medium
fcfs,10,0.3,0.005,1536,1.2,3471,0.6209,0,0.07291666666666666,0.0020202020202020224,0.1338383838383838,1.0,1.0,1.0,1.0,1.0,1.0,0.006260624999999992,1.0,325.2363677848031,0.0,0.6163452027695351,128.0,0.4140956382265565,0.19038551999830458,0.4597621960319767,0.3836948366534827,0.7584517848389041,0.3017418575356574,kv_medium
fcfs,11,0.3,0.005,1536,1.2,3043,0.7023,140,0.020833333333333336,-0.08170995670995672,0.10887445887445892,0.96875,0.9444444444444444,1.0,1.0,1.0,1.0,0.008376507936508352,0.96875,332.03773728457037,1.2890625,0.6317999618247757,128.0,0.502414191699046,0.3541986785494453,0.704993378773058,0.4557619377373019,1.3122543347619882,0.4211911606117109,kv_medium
fcfs,0,0.3,0.0,1536,1.2,4201,0.6258,0,0.026041666666666668,-0.04629629629629631,0.08996212121212123,1.0,1.0,1.0,1.0,1.0,1.0,0.008131875000000025,1.0,248.49686944281893,0.0,0.6209129168015539,128.0,0.39965822129291406,0.2111833933884059,0.5284099816718825,0.3548651350340464,0.7612799999999993,0.2665119914631031,kv_medium
fcfs,1,0.3,0.0,1536,1.2,3372,0.7882,134,0.16145833333333334,0.031986531986531994,0.24047619047619045,0.90625,0.85,1.0,0.984375,0.953125,1.0,0.05387125000000016,0.90625,308.89321243934563,1.9140625,0.6568862643784216,128.0,0.5414154745368805,0.3368891510560235,0.6222377580622237,0.4852288688773143,1.2287478665029599,0.37500719812112315,kv_medium
fcfs,2,0.3,0.0,1536,1.2,2843,0.7276,138,0.07291666666666667,-0.014550264550264548,0.13495670995670994,0.96875,0.9444444444444444,1.0,1.0,1.0,1.0,0.00951749999999954,0.9375,442.2235332810847,1.0859375,0.6389423375333623,128.0,0.4856890093130076,0.2557663525468997,0.5266051890049427,0.42802257962034673,0.828683947447189,0.5180799999999977,kv_medium
fcfs,3,0.3,0.0,1536,1.2,2745,0.8164,0,0.09374999999999999,0.013961038961038962,0.15387642660369932,1.0,1.0,1.0,1.0,1.0,1.0,0.010456874999999942,0.96875,421.4875751365486,1.078125,0.637052026894706,128.0,0.5215973925976045,0.281939554664589,0.5405309893527328,0.5065744331151443,0.9583163882781278,0.4423152007706719,kv_medium
fcfs,4,0.3,0.0,1536,1.2,2910,0.7031,100,0.14062500000000003,0.03174603174603175,0.2231404958677686,1.0,1.0,1.0,1.0,1.0,1.0,0.0037682539682538,1.0,408.3215820547173,0.7109375,0.6260482026622881,128.0,0.4732703798562345,0.23316814584099121,0.4926742846484937,0.4507261211076745,0.8471550343212053,0.38491217187235094,kv_medium
fcfs,5,0.3,0.0,1536,1.2,3427,0.6628,0,0.026041666666666664,-0.03571428571428571,0.0869047619047619,1.0,1.0,1.0,1.0,1.0,1.0,0.004898750000000063,1.0,367.7772107975326,0.09375,0.6151915376800334,128.0,0.4926074284654657,0.25581651805341615,0.5193111253931287,0.5159180676002038,1.015039999999999,0.37438849837497656,kv_medium
fcfs,6,0.3,0.0,1536,1.2,3576,0.681,46,0.04166666666666667,-0.038571428571428576,0.10497835497835498,0.96875,0.9444444444444444,1.0,1.0,1.0,1.0,0.003958750000000066,0.96875,369.32028411616096,0.3203125,0.6233891364567024,128.0,0.4460247048666602,0.21681291228342395,0.4861006798900086,0.3556000000000026,0.7691043515471634,0.37107573398601623,kv_medium
fcfs,7,0.3,0.0,1536,1.2,3013,0.8309,48,0.1875,0.08095238095238094,0.28950216450216454,0.90625,0.8636363636363636,1.0,0.984375,0.953125,1.0,0.038590624999998935,0.875,386.1881757169804,1.6484375,0.6550160589457774,128.0,0.4799373936393786,0.2666421649900179,0.5555769742550439,0.4597248887740015,1.0764654458284326,0.32764664406732624,kv_medium
fcfs,8,0.3,0.0,1536,1.2,3778,0.6196,0,0.031249999999999997,-0.02857142857142857,0.0891156462585034,1.0,1.0,1.0,1.0,1.0,1.0,-0.004716250000000144,1.0,333.11584392102554,0.0,0.6151713088489031,128.0,0.4110052147693643,0.21300131507842374,0.5182447993949407,0.40567499007931573,0.7807744330451438,0.35028331422686065,kv_medium
fcfs,9,0.3,0.0,1536,1.2,3705,0.7521,61,0.13541666666666669,0.03636363636363637,0.1988936988936989,0.9375,0.9,1.0,1.0,1.0,1.0,0.021119375000000273,0.9375,334.04444628291145,1.0078125,0.6332683639907418,128.0,0.4553269354658993,0.22296586505252808,0.48968301166805583,0.44275850332289224,0.8366099420557074,0.3423199999999973,kv_medium
fcfs,10,0.3,0.0,1536,1.2,3467,0.6209,0,0.057291666666666664,-0.011904761904761908,0.11604136604136601,1.0,1.0,1.0,1.0,1.0,1.0,0.0020862499999999146,1.0,325.2670451892751,0.0,0.6163452027695351,128.0,0.4238061238674041,0.18533229673798177,0.43730443309018,0.4124800000000022,0.7527599999999985,0.3006650731855638,kv_medium
fcfs,11,0.3,0.0,1536,1.2,3044,0.785,79,0.078125,0.015151515151515154,0.12818662818662818,0.9375,0.9,1.0,1.0,1.0,1.0,0.024667500000001036,0.9375,332.07400129018913,1.6015625,0.6423617738754215,128.0,0.49243715194760584,0.2950958437079954,0.5992558492812357,0.4580261857123027,1.0190784065799008,0.4238248718717976,kv_medium
fcfs,0,0.05,0.005,768,1.2,5699,0.6258,0,0.036458333333333336,-0.040151515151515146,0.09976190476190477,1.0,1.0,1.0,1.0,1.0,1.0,0.005521249999999034,1.0,46.52853965688856,0.0,0.6209129168015539,128.0,0.3411996522905875,0.18481884200193424,0.5416735942172961,0.2715999999999781,0.6706141701081094,0.25812111077590316,kv_tight
fcfs,1,0.05,0.005,768,1.2,5502,0.8482,53,0.010416666666666664,-0.06168831168831168,0.07214285714285715,1.0,1.0,1.0,1.0,1.0,1.0,-0.0010406249999979494,0.9375,58.096938816881796,1.8984375,0.6156117364827459,128.0,0.48645201206855937,0.4044268184573468,0.8313807085257731,0.42094101238742887,1.6555094793067155,0.34184466112496636,kv_tight
fcfs,2,0.05,0.005,768,1.2,5661,0.6187,0,0.06250000000000001,-0.01071428571428571,0.12359098228663444,1.0,1.0,1.0,1.0,1.0,1.0,0.014230625000000163,1.0,88.23609416336284,0.0,0.6141766494941344,128.0,0.3652857595300914,0.1895582556418471,0.5189314138215995,0.2877852303145687,0.7612320644059309,0.26757005492612507,kv_tight
fcfs,3,0.05,0.005,768,1.2,5688,0.7818,0,-0.05208333333333334,-0.14273689273689275,0.04757094757094759,1.0,1.0,1.0,1.0,1.0,1.0,-0.005903124999999704,1.0,85.58729767363305,0.4296875,0.6278477707422155,128.0,0.3719571000214794,0.18825905834900752,0.5061311058133751,0.31887999999997874,0.6750929223335902,0.2988966038120111,kv_tight
fcfs,4,0.05,0.005,768,1.2,5734,0.7172,41,-0.015624999999999993,-0.09247234247234247,0.0731120731120731,1.0,1.0,1.0,1.0,1.0,1.0,-0.007585624999999277,0.96875,81.01058026633103,1.3828125,0.6241130592857562,128.0,0.4147861485995863,0.2447064900168696,0.5899582009742976,0.3188185442180256,0.8186061891503664,0.3039611203874095,kv_tight
fcfs,5,0.05,0.005,768,1.2,5904,0.7021,0,0.03125000000000001,-0.05798160173160173,0.11442345533254623,1.0,1.0,1.0,1.0,1.0,1.0,0.016167500000000168,1.0,69.86131954364097,0.1640625,0.6202713201458196,128.0,0.39690910326337087,0.1955812821569711,0.49276088794363637,0.35525000158537523,0.7021144048399393,0.31962071765162037,kv_tight
fcfs,6,0.05,0.005,768,1.2,5588,0.7241,71,0.10937500000000001,0.0021645021645021645,0.1952380952380952,1.0,1.0,1.0,0.96875,0.90625,1.0,0.061974999999993785,1.0,73.41006030678878,1.1640625,0.6224256292906178,128.0,0.41588925243041086,0.27852407243568467,0.6697073098379455,0.32607421796362246,0.809180685523863,0.33763435792070595,kv_tight
fcfs,7,0.05,0.005,768,1.2,5742,0.8484,30,0.14583333333333331,0.04145464671780462,0.21900826446280988,1.0,1.0,1.0,1.0,1.0,1.0,0.01664687499999401,1.0,72.55667827413073,1.2734375,0.6328484161471125,128.0,0.3748574991739535,0.20756649143218767,0.5537210590413344,0.30889206437177563,0.8206585873056582,0.27160096514155896,kv_tight
fcfs,8,0.05,0.005,768,1.2,5700,0.6196,0,-0.03645833333333333,-0.12849271940181028,0.05784030784030785,1.0,1.0,1.0,1.0,1.0,1.0,-0.0007306250000001235,1.0,64.41465862858888,0.0,0.6151713088489031,128.0,0.3693966440538236,0.2064046168271001,0.5587614834882624,0.30016000000000176,0.7698460837806351,0.29215475130470736,kv_tight
fcfs,9,0.05,0.005,768,1.2,5987,0.6695,62,0.052083333333333336,-0.06536796536796538,0.14646464646464646,1.0,1.0,1.0,1.0,1.0,1.0,0.012258749999998986,1.0,63.022568659937825,0.8515625,0.6200511633572908,128.0,0.4093157314106209,0.2514843202282389,0.6144017953122665,0.3166330112661129,0.7447634690140532,0.3197408526736467,kv_tight
fcfs,10,0.05,0.005,768,1.2,5518,0.8169,0,0.06249999999999999,-0.029220779220779227,0.13614718614718613,1.0,1.0,1.0,1.0,1.0,1.0,-0.0023581249999999887,1.0,64.01831518685775,0.5,0.6272255192878339,128.0,0.36632574338563706,0.18790801124271544,0.5129533335714865,0.299919999999986,0.7332058639367922,0.2951935210713508,kv_tight
fcfs,11,0.05,0.005,768,1.2,5619,0.7859,159,0.07291666666666667,-0.06352813852813854,0.17846320346320346,0.96875,0.9444444444444444,1.0,0.953125,0.875,1.0,0.05805250000001633,0.875,63.84085591421372,3.2578125,0.6565502322326143,128.0,0.4417771664541685,0.36713426474687644,0.8310394756107529,0.3556631239975161,1.3513251367779873,0.31409754344912244,kv_tight
fcfs,0,0.05,0.0,768,1.2,5679,0.6258,0,-0.010416666666666664,-0.06926406926406926,0.041666666666666664,1.0,1.0,1.0,1.0,1.0,1.0,-0.00015687500000027832,1.0,46.529563196976945,0.0,0.6209129168015539,128.0,0.36117852248072635,0.16952890347707825,0.46937703358627825,0.2905600000000277,0.6633600000000115,0.25767999999999347,kv_tight
fcfs,1,0.05,0.0,768,1.2,5453,0.8391,73,0.06770833333333334,-0.03430735930735931,0.14231601731601734,0.9375,0.9,1.0,1.0,1.0,1.0,0.02572937499999848,0.9375,58.09847416611991,1.546875,0.6177646552254413,128.0,0.49406966495323223,0.3533463011626485,0.7151750577443277,0.4525600000000054,1.4147941266960409,0.33195999999998094,kv_tight
fcfs,2,0.05,0.0,768,1.2,5642,0.6187,0,0.005208333333333336,-0.059523809523809534,0.06565656565656565,1.0,1.0,1.0,1.0,1.0,1.0,-0.001051249999999726,1.0,88.23951067027532,0.0,0.6141766494941344,128.0,0.3827877131646338,0.1730823733232787,0.45216282385959816,0.3320799999999906,0.7112399999999965,0.2627200000000016,kv_tight
fcfs,3,0.05,0.0,768,1.2,5607,0.6259,0,3.469446951953614e-18,-0.08214285714285714,0.07804232804232804,1.0,1.0,1.0,1.0,1.0,1.0,-0.003241874999999922,1.0,85.59065237658453,0.0,0.6210588158495985,128.0,0.3892993328839471,0.173716136733634,0.4462276763916779,0.36351999999999407,0.6882261322819261,0.2938000000000045,kv_tight
fcfs,4,0.05,0.0,768,1.2,5687,0.714,61,0.10937499999999999,0.022835497835497837,0.18333333333333332,0.96875,0.9444444444444444,1.0,1.0,1.0,1.0,0.01689124999999861,0.96875,81.01318260395902,1.3671875,0.6243476221192752,128.0,0.42291496847913257,0.22238837829558225,0.5258465527841806,0.3122800000000012,0.7525199999999996,0.32283999999999224,kv_tight
fcfs,5,0.05,0.0,768,1.2,5884,0.7154,0,-0.036458333333333336,-0.08915343915343915,0.016233766233766236,1.0,1.0,1.0,1.0,1.0,1.0,-0.0003012499999997531,1.0,69.86338259950725,0.1953125,0.6204506065857885,128.0,0.407655612661598,0.1859142781472126,0.4560572021402371,0.4176103842348198,0.683400000000006,0.3312400000000082,kv_tight
fcfs,6,0.05,0.0,768,1.2,5585,0.838,0,0.010416666666666668,-0.060064935064935064,0.07380952380952381,1.0,1.0,1.0,1.0,1.0,1.0,0.0009574603174589206,1.0,73.40960392383815,0.9375,0.62712272672528,128.0,0.4176326629996601,0.2259343978439809,0.540988332237234,0.3395150613118503,0.7267200000000038,0.3512800000000027,kv_tight
fcfs,7,0.05,0.0,768,1.2,5515,0.8183,43,0.05729166666666666,-0.03095238095238094,0.13193624557260922,1.0,1.0,1.0,1.0,1.0,1.0,-0.002796249999999889,1.0,72.55879100360976,0.9765625,0.6288179356382644,128.0,0.38540154426881557,0.1894297245445594,0.49151262458988265,0.287319999999994,0.7259999999999991,0.26715999999999873,kv_tight
fcfs,8,0.05,0.0,768,1.2,5681,0.6196,0,0.010416666666666668,-0.04401154401154401,0.06290979975190503,1.0,1.0,1.0,1.0,1.0,1.0,-0.0008949999999997849,1.0,64.41481565927668,0.0,0.6151713088489031,128.0,0.38838181642040503,0.19464463407532187,0.5011682469310773,0.30535202228901426,0.7483200000000068,0.2791599999999903,kv_tight
fcfs,9,0.05,0.0,768,1.2,5984,0.674,36,0.0625,0.0010822510822510838,0.10571428571428572,1.0,1.0,1.0,1.0,1.0,1.0,0.00045437499999950726,1.0,63.02399176182813,0.8671875,0.6285783895724205,128.0,0.42391029023475396,0.24225334861457506,0.5714731493788922,0.3968799999999959,0.7366799999999998,0.35559999999998126,kv_tight
fcfs,10,0.05,0.0,768,1.2,5505,0.7828,0,0.026041666666666664,-0.02513227513227513,0.0738095238095238,1.0,1.0,1.0,1.0,1.0,1.0,-0.00040437500000034543,1.0,64.0195036781084,0.3515625,0.6272255192878339,128.0,0.3851084863493518,0.17698173229294611,0.4595633141472682,0.41247999999998797,0.7264363797972493,0.28540000000000276,kv_tight
fcfs,11,0.05,0.0,768,1.2,5579,0.7177,181,0.0625,-0.049422799422799424,0.15972222222222224,0.96875,0.9444444444444444,1.0,1.0,1.0,1.0,0.021340625000002,0.96875,63.842196393086006,2.8125,0.6563593561112172,128.0,0.4524581136192077,0.3510028532375902,0.7757687234955786,0.3902799999999971,1.3582678413300258,0.3064744696910111,kv_tight
fcfs,0,0.15,0.005,768,1.2,5035,0.7049,7,-0.020833333333333332,-0.0978896103896104,0.050800865800865805,1.0,1.0,1.0,1.0,1.0,1.0,0.0017898412698423656,1.0,133.01106081743728,0.484375,0.6279702168986727,128.0,0.3671421678183333,0.20060712818138476,0.5464017641270991,0.30183534841583537,0.7299216859164908,0.32489570367164333,kv_tight
fcfs,1,0.15,0.005,768,1.2,4716,0.8093,197,0.046875000000000014,-0.058008658008657996,0.1265249901613538,1.0,1.0,1.0,1.0,1.0,1.0,0.04278250000000059,0.9375,167.76774432149367,2.9296875,0.6282216891185336,128.0,0.5321790175392987,0.36561050374064213,0.6870066118562137,0.48188335337547095,1.3436219519002677,0.3380386699733675,kv_tight
fcfs,2,0.15,0.005,768,1.2,3997,0.8984,22,0.11458333333333331,0.017676767676767687,0.18809523809523807,0.96875,0.9444444444444444,1.0,1.0,1.0,1.0,0.04736312500000467,0.90625,245.3363388191982,2.46875,0.6389423375333623,128.0,0.46660528779866306,0.28387594527338506,0.608385615629533,0.3884872429053132,1.0261327847509882,0.3504320180642466,kv_tight
fcfs,3,0.15,0.005,768,1.2,4663,0.7928,72,0.02083333333333333,-0.07012987012987013,0.11690716690716692,1.0,1.0,1.0,0.96875,0.921875,1.0,0.03513375000000188,0.9375,236.14528625380862,3.1484375,0.6452118284483321,128.0,0.4376231148917014,0.3268173388634305,0.7468009064016373,0.3129786921179871,1.1247706874068086,0.3145452660415735,kv_tight
fcfs,4,0.15,0.005,768,1.2,4411,0.7308,219,3.469446951953614e-18,-0.12803030303030305,0.12294372294372295,0.96875,0.9444444444444444,1.0,0.984375,0.953125,1.0,0.01686187500001267,0.90625,225.81669207616056,5.140625,0.6169588928634258,128.0,0.49924430350356885,0.35475061473390834,0.7105751878276011,0.4038863761392868,1.1308555687221755,0.31584705396885226,kv_tight
fcfs,5,0.15,0.005,768,1.2,4873,0.752,147,0.03645833333333334,-0.03452380952380952,0.1047815820543093,1.0,1.0,1.0,1.0,1.0,1.0,0.021288749999993,0.90625,198.55081218412596,2.8515625,0.6503914420605988,128.0,0.4663534492830015,0.3350573902114249,0.7184623395121476,0.4011085409727855,1.410870220731013,0.33506619726637865,kv_tight
fcfs,6,0.15,0.005,768,1.2,4822,0.737,150,0.14583333333333334,0.04134199134199133,0.2261904761904762,1.0,1.0,1.0,1.0,1.0,1.0,0.03348937499999688,0.9375,204.25077867759336,2.7421875,0.6274840419125617,128.0,0.47186232317711024,0.38591152864282635,0.8178477273719037,0.36099912576919735,1.316879889482511,0.35553301728118925,kv_tight
fcfs,7,0.15,0.005,768,1.2,4484,0.757,325,0.15104166666666666,0.036363636363636355,0.244047619047619,0.96875,0.9444444444444444,1.0,1.0,1.0,1.0,0.053376874999987514,0.78125,207.11155634682302,5.484375,0.6524970086277473,128.0,0.5259973310564088,0.4268201587934828,0.8114492861328034,0.4039029710985247,1.359911766293365,0.39338405817572486,kv_tight
fcfs,8,0.15,0.005,768,1.2,4592,0.8809,0,-0.03125000000000001,-0.1412938912938913,0.06954887218045112,1.0,1.0,1.0,1.0,1.0,1.0,0.0187262500000005,1.0,181.60420069564623,1.5546875,0.630207049543998,128.0,0.44734402397356793,0.26480292126075067,0.5919446937250178,0.4010474167287583,0.8374085793242294,0.3896627301382587,kv_tight
fcfs,9,0.15,0.005,768,1.2,5003,0.7759,132,0.026041666666666668,-0.06168831168831169,0.1044973544973545,1.0,1.0,1.0,1.0,1.0,1.0,0.02398920634920654,1.0,179.57693585782306,2.6875,0.6506882689730783,128.0,0.40378214030827797,0.22741166027016552,0.5632038606178623,0.31302262237944234,0.8144524468793577,0.314572246755759,kv_tight
fcfs,10,0.15,0.005,768,1.2,4653,0.7315,12,0.0625,-0.013095238095238096,0.11408730158730157,1.0,1.0,1.0,1.0,1.0,1.0,0.002085000000000836,1.0,179.0877295086956,0.3828125,0.622341740850643,128.0,0.37576901099904714,0.18511004077878765,0.4926165685846219,0.30675999999999704,0.6837591404351144,0.2899106276035468,kv_tight
fcfs,11,0.15,0.005,768,1.2,4614,0.7959,336,0.0625,-0.07895622895622895,0.18393458393458395,0.9375,0.9,1.0,0.9841269841269841,0.9516129032258065,1.0,0.04539873015873566,0.8125,180.43523535170158,5.921875,0.6627218934911243,128.0,0.5505203273127708,0.4669149112658881,0.8481338255846393,0.42351414671767174,1.5084321136925425,0.3988417207050574,kv_tight
fcfs,0,0.15,0.0,768,1.2,5029,0.7473,25,0.015625000000000003,-0.05833333333333333,0.07936507936507936,0.96875,0.9444444444444444,1.0,1.0,1.0,1.0,0.013793750000000715,0.96875,133.01942568915587,0.484375,0.6227905471026222,128.0,0.3837799454796099,0.18998519125077246,0.4950367873270395,0.3092800000000011,0.715997349058398,0.2807584240122907,kv_tight
fcfs,1,0.15,0.0,768,1.2,4763,0.7514,295,0.171875,0.02296777296777297,0.2785714285714286,0.84375,0.8,1.0,1.0,1.0,1.0,0.027533125000000134,0.84375,167.76910918437707,3.296875,0.635049517131082,128.0,0.560940804463693,0.41253380883937857,0.7354319841891265,0.4828799999999944,1.765285683714433,0.3836000000000048,kv_tight
fcfs,2,0.15,0.0,768,1.2,3994,0.8666,30,0.109375,0.006493506493506499,0.18542568542568538,0.96875,0.9444444444444444,1.0,1.0,1.0,1.0,0.03948625000000422,0.9375,244.57333899658875,2.4765625,0.6317422878778475,128.0,0.4838823822324745,0.2700079617843633,0.5580032910862247,0.40112365165746766,1.0197797657786936,0.3306881243757829,kv_tight
fcfs,3,0.15,0.0,768,1.2,4676,0.813,125,0.13020833333333331,0.010173160173160173,0.22382920110192836,0.875,0.8333333333333334,1.0,0.9841269841269841,0.9508196721311475,1.0,0.04985269841269638,0.84375,236.1755513719192,3.125,0.6606828121940075,128.0,0.44313886100101235,0.31872643109076026,0.7192473040409609,0.3635200000000012,1.012870401541285,0.3283318475663002,kv_tight
fcfs,4,0.15,0.0,768,1.2,4452,0.7865,177,0.20833333333333337,0.08476190476190477,0.29859307359307363,0.9375,0.9,1.0,1.0,1.0,1.0,0.02554624999999973,0.875,225.8369137534834,4.7421875,0.6185421919896792,128.0,0.5003321090328107,0.3075464455975229,0.6146846065746996,0.5037071497076724,1.009641296658856,0.3875638760201925,kv_tight
fcfs,5,0.15,0.0,768,1.2,4824,0.7215,190,0.13020833333333337,0.01735930735930737,0.216991341991342,0.9375,0.9,1.0,1.0,1.0,1.0,0.02529437499999876,0.9375,198.55171303398325,2.71875,0.6563676567262297,128.0,0.44515477359742517,0.2721386882251005,0.611334988111817,0.3437199999999905,1.0634154462972276,0.3382616304442436,kv_tight
fcfs,6,0.15,0.0,768,1.2,4808,0.6945,68,0.109375,0.01926406926406926,0.17571822117276661,0.96875,0.9444444444444444,1.0,1.0,1.0,1.0,0.0137306250000028,0.9375,204.48853955752298,2.734375,0.6400096350716609,128.0,0.4704215266746923,0.3508835496692426,0.7458917795483602,0.32295999999999836,1.2535379177755175,0.38081481114038596,kv_tight
fcfs,7,0.15,0.0,768,1.2,4563,0.7277,316,0.33333333333333326,0.1770579045015135,0.4366883116883116,0.8125,0.7727272727272727,1.0,0.9841269841269841,0.9508196721311475,1.0,0.04660888888889076,0.78125,207.12877190961342,5.625,0.6834813275395176,128.0,0.4999446566713641,0.37053101032468966,0.7411440554074292,0.364578113129852,1.1655070497215547,0.3393308026738282,kv_tight
fcfs,8,0.15,0.0,768,1.2,4573,0.8538,0,0.05208333333333333,-0.013392857142857144,0.10822510822510822,1.0,1.0,1.0,1.0,1.0,1.0,0.01622437500000032,1.0,181.60544885150594,0.9453125,0.6286665023416318,128.0,0.45966654640296895,0.259869782052329,0.5653441262712925,0.3962799999999973,0.9229242637919128,0.44152000000000413,kv_tight
fcfs,9,0.15,0.0,768,1.2,4869,0.7206,175,0.19270833333333331,0.06696428571428571,0.27386363636363636,0.96875,0.9444444444444444,1.0,1.0,1.0,1.0,0.016584375000000567,0.96875,179.58849067414238,2.4921875,0.6370447070288707,128.0,0.41853690523266396,0.21574451069029527,0.5154730873024524,0.4031600155244206,0.8038324838857775,0.306200000000004,kv_tight
fcfs,10,0.15,0.0,768,1.2,4683,0.717,69,0.09374999999999999,0.005170755170755171,0.16056670602125148,1.0,1.0,1.0,1.0,1.0,1.0,0.003941250000000104,1.0,179.09703059472875,0.703125,0.6314910979228486,128.0,0.3794707959729339,0.1801330608816945,0.4746954516482545,0.3581088653563427,0.69984,0.28627654319052276,kv_tight
fcfs,11,0.15,0.0,768,1.2,4625,0.8275,201,0.12500000000000003,-0.019841269841269844,0.23958333333333334,0.875,0.85,1.0,0.984375,0.953125,1.0,0.0368443749999946,0.875,180.44594368614807,3.9296875,0.6685118025068397,128.0,0.5171862096292992,0.4357494235570049,0.8425387518923498,0.41788000000000025,1.5677345339612252,0.3241564750885928,kv_tight
fcfs,0,0.3,0.005,768,1.2,4281,0.7693,95,0.02604166666666666,-0.05572390572390572,0.11190476190476191,0.96875,0.9444444444444444,1.0,1.0,1.0,1.0,0.01707238095237646,0.9375,248.46767855635377,2.8359375,0.6312722563936549,128.0,0.4365435474013133,0.29948217889574835,0.6860304789259323,0.3446097621946578,0.9898693270540804,0.25619739388961804,kv_tight
fcfs,1,0.3,0.005,768,1.2,4121,0.797,496,0.10416666666666666,-0.0053258145363408674,0.19963924963924962,0.9375,0.9,1.0,0.9838709677419355,0.9508196721311475,1.0,0.0953806451612921,0.75,308.8533458141379,9.3515625,0.7155071661438149,128.0,1.1246963050194216,1.1672089588993255,1.0377992296144067,0.5764264821455605,3.961956280216233,1.2220282825894468,kv_tight
fcfs,2,0.3,0.005,768,1.2,3256,0.78,500,0.24479166666666669,0.10995670995670999,0.3463203463203463,0.875,0.8461538461538461,1.0,0.9682539682539683,0.921875,1.0,0.15466984126982922,0.6875,440.4791325696639,10.6171875,0.6901495872385327,128.0,0.8262302043254238,0.698472381770181,0.8453726069485068,0.6451121268703552,2.4636479263515696,0.589493035251337,kv_tight
fcfs,3,0.3,0.005,768,1.2,3370,0.7744,867,0.16145833333333331,0.046536796536796536,0.23352573352573355,0.96875,0.9444444444444444,1.0,0.9375,0.890625,0.984375,0.13323249999998954,0.5625,420.6036604548494,13.546875,0.6472354592336315,128.0,1.6142505483615852,1.4320690680032173,0.8871417571805835,1.2019515611948002,4.610194989678391,1.865374794850501,kv_tight
fcfs,4,0.3,0.005,768,1.2,3631,0.7599,951,0.20833333333333334,0.07817460317460317,0.31261904761904763,0.84375,0.8181818181818182,1.0,0.9180327868852459,0.8333333333333334,0.9838709677419355,0.146823606557376,0.4375,406.8589288999582,17.34375,0.648800797513634,128.0,1.3673336853204505,1.049910252267422,0.7678522540175431,1.056786787759684,3.320785557342612,1.3414577809116235,kv_tight
fcfs,5,0.3,0.005,768,1.2,3950,0.811,503,0.05208333333333332,-0.08134920634920635,0.17857142857142858,0.96875,0.9444444444444444,1.0,1.0,1.0,1.0,0.10481142857141804,0.75,358.4642239779895,8.921875,0.664017211498237,128.0,0.7869072254818443,0.5554055966201457,0.7058082307988162,0.6155433440344709,1.886094149307354,0.6341789648390144,kv_tight
fcfs,6,0.3,0.005,768,1.2,3766,0.7722,487,0.27083333333333326,0.152245670995671,0.3446477764659583,0.9375,0.9,1.0,0.9841269841269841,0.9523809523809523,1.0,0.10705333333332999,0.78125,369.2753936317659,7.375,0.6656027941707816,128.0,0.6623151257429231,0.5317168315218342,0.8028154738658643,0.5330399999999997,1.620838441725791,0.57864850523878,kv_tight
fcfs,7,0.3,0.005,768,1.2,3738,0.7447,899,0.28125000000000006,0.12921191868560292,0.38924963924963923,0.90625,0.85,1.0,0.953125,0.875,1.0,0.18935124999999114,0.5625,386.12833357840543,11.6484375,0.6480886705711947,128.0,2.1327080768239326,2.3193081877388373,1.0874944456499611,0.8280539132254905,6.66048281967479,2.8410745327559574,kv_tight
fcfs,8,0.3,0.005,768,1.2,4154,0.7936,305,0.11979166666666669,0.016955266955266952,0.19380952380952382,0.96875,0.9444444444444444,1.0,1.0,1.0,1.0,0.04877460317459535,0.84375,333.1116444058121,5.7109375,0.6574439240818338,128.0,0.4410792898277013,0.3027431265807787,0.6863689444567646,0.33606769734282693,1.0081507382355355,0.3600089377513491,kv_tight
fcfs,9,0.3,0.005,768,1.2,4066,0.7743,689,0.06770833333333336,-0.0505050505050505,0.16263828763828764,0.9375,0.9,1.0,0.9841269841269841,0.9508196721311475,1.0,0.11406920634920632,0.71875,334.00447109398664,9.2109375,0.6602509440857596,128.0,0.8937891352753228,0.8169467006377248,0.9140262153511998,0.593412061415659,2.7265421747863066,0.7283930621612722,kv_tight
fcfs,10,0.3,0.005,768,1.2,3835,0.8594,147,0.13541666666666666,0.055796055796055795,0.18777056277056275,1.0,1.0,1.0,1.0,1.0,1.0,0.024124374999999892,0.90625,325.2363677848031,4.171875,0.655786350148368,128.0,0.5185806382265485,0.28156127820324967,0.542945990359644,0.5108459654733917,1.1279753636861898,0.37533240471184115,kv_tight
fcfs,11,0.3,0.005,768,1.2,3703,0.7501,701,0.14583333333333331,0.023869648869648867,0.24410774410774408,0.9375,0.9,1.0,0.9508196721311475,0.896551724137931,1.0,0.15884131147539576,0.625,332.03773728457037,11.25,0.7011516192657632,128.0,1.1911367271137643,1.2105283382658958,1.0162799204413075,0.49863467805223927,3.4785434667724644,1.5992860435731409,kv_tight
fcfs,0,0.3,0.0,768,1.2,4335,0.8064,204,0.13020833333333334,-0.004208754208754205,0.22745571658615138,0.9375,0.8888888888888888,1.0,1.0,1.0,1.0,0.02246250000000173,0.9375,248.49686944281893,3.21875,0.6562641631595986,128.0,0.45007665879272596,0.2749756030897805,0.6109528181873904,0.3739600000000003,1.1243179318146233,0.31337662170308533,kv_tight
fcfs,1,0.3,0.0,768,1.2,4110,0.8182,510,0.39583333333333337,0.2235930735930736,0.5113636363636365,0.6875,0.6666666666666666,0.95,0.9838709677419355,0.9508196721311475,1.0,0.10839225806451284,0.65625,308.89321243934563,9.8828125,0.7268868794980624,128.0,1.1263069010585245,1.1844373170359057,1.0516115242859199,0.5707199999999979,4.114437978915273,1.0696073078930872,kv_tight
fcfs,2,0.3,0.0,768,1.2,3252,0.8206,565,0.4583333333333334,0.2685305435305435,0.5641774891774891,0.6875,0.6923076923076923,0.95,0.9661016949152542,0.9166666666666666,1.0,0.14594644067795867,0.65625,440.173661604018,10.8046875,0.7304946930668488,128.0,0.7599532667685307,0.6093761599641456,0.8018600440463026,0.5635739794823706,2.0650107946458576,0.7452985828729162,kv_tight
fcfs,3,0.3,0.0,768,1.2,3419,0.7917,571,0.5520833333333334,0.378099173553719,0.652056277056277,0.59375,0.6,0.9375,0.96875,0.921875,1.0,0.1957468749999882,0.5625,420.55929788530983,12.421875,0.7093152294536197,128.0,1.2385861425975273,1.012921604285378,0.8178047286732175,0.7979271158601122,3.2859163882777125,1.312850475485483,kv_tight
fcfs,4,0.3,0.0,768,1.2,3754,0.758,826,0.5052083333333333,0.3058874458874459,0.6286402990948445,0.625,0.65,0.9444444444444444,0.9838709677419355,0.9482758620689655,1.0,0.23249999999999652,0.53125,407.41257524784015,15.265625,0.6997009323872633,128.0,1.0051904334289163,0.8170518333764627,0.8128328784321263,0.7572360993594671,2.5149863664232424,0.7420030546291905,kv_tight
fcfs,5,0.3,0.0,768,1.2,3981,0.8106,522,0.36979166666666674,0.19576118326118327,0.4928571428571429,0.78125,0.75,1.0,0.9838709677419355,0.9516129032258065,1.0,0.07734000000000049,0.75,359.0429357222199,8.625,0.6872646865475408,128.0,0.7220851945573582,0.4741495562924799,0.6566393548383663,0.5906185638713168,1.7252232591132355,0.6617325413885613,kv_tight
fcfs,6,0.3,0.0,768,1.2,3888,0.7651,339,0.26041666666666663,0.11999999999999997,0.35507575757575754,0.875,0.85,1.0,1.0,1.0,1.0,0.017183606557377218,0.84375,369.32028411616096,5.96875,0.6792123328917259,128.0,0.5347225958022689,0.34229940865206293,0.6401439014158274,0.5075199999999995,1.0739577895424706,0.5120927409595666,kv_tight
fcfs,7,0.3,0.0,768,1.2,3869,0.7421,625,0.5208333333333333,0.32089947089947085,0.6396103896103895,0.625,0.6153846153846154,1.0,0.9523809523809523,0.875,1.0,0.2896158730158487,0.59375,386.1881757169804,11.5546875,0.6907865734618049,128.0,1.8353676338993716,2.076716203376602,1.131498760803833,0.5770466440673268,5.885763118522899,2.27009371640165,kv_tight
fcfs,8,0.3,0.0,768,1.2,4208,0.7955,307,0.3020833333333333,0.16233766233766234,0.38816738816738816,0.84375,0.8181818181818182,1.0,1.0,1.0,1.0,0.0171276190476174,0.84375,333.11584392102554,4.7890625,0.6574439240818338,128.0,0.43914584686526087,0.2641854979701236,0.6015894260550327,0.3490000000000002,0.9860507536249878,0.35559999999999903,kv_tight
fcfs,9,0.3,0.0,768,1.2,4126,0.7081,652,0.328125,0.16910783452136832,0.4324675324675325,0.78125,0.7272727272727273,1.0,1.0,1.0,1.0,0.08701714285713985,0.6875,334.04444628291145,7.7265625,0.6689608965769278,128.0,0.7388820814064441,0.6594468091812329,0.8924926260574515,0.5715224419513216,2.448207211876218,0.4370834037257012,kv_tight
fcfs,10,0.3,0.0,768,1.2,3854,0.8541,194,0.20312500000000003,0.08928571428571429,0.2857142857142857,0.90625,0.8636363636363636,1.0,1.0,1.0,1.0,0.02587374999999982,0.90625,325.2670451892751,4.453125,0.6599901088031652,128.0,0.5199417488674003,0.27967275144038073,0.5378924697806967,0.5075199999999995,1.1126800126555558,0.3814399999999978,kv_tight
fcfs,11,0.3,0.0,768,1.2,3715,0.7704,551,0.32291666666666663,0.16666666666666666,0.42924482924482926,0.6875,0.6666666666666666,0.95,0.9833333333333333,0.9365079365079365,1.0,0.08009066666666526,0.65625,332.07400129018913,10.328125,0.730546541960934,128.0,1.0065805248436004,0.9240891762030792,0.9180479389333124,0.504719999999999,2.6174857858005893,1.3782665973619288,kv_tight
